{
  "train_accuracy": 0.9997580450036293,
  "test_accuracy": 0.9835589941972921,
  "precision": 0.9913793103448276,
  "recall": 0.8778625954198473,
  "f1": 0.9311740890688259
}